id,first_name,last_name,email
1,Celesta,Dolby,cdolby0@abc.net.au
2,Aleece,Bonds,abonds1@blogs.com
3,Josefa,Maystone,jmaystone2@google.com
4,Rafaelia,Burgiss,rburgiss3@wikispaces.com
5,Annaliese,Soppeth,asoppeth4@quantcast.com
6,Ros,Bernardeau,rbernardeau5@tiny.cc
7,Reece,Ox,rox6@rediff.com
8,Kaiser,Mizen,kmizen7@wikia.com
9,Malissia,Kerry,mkerry8@chron.com
10,Dorelia,Pollack,dpollack9@ehow.com
